Net Returns,Sharpe Ratio
-99.98478902574503,-0.7111775149318978
