Net Returns,Sharpe Ratio
-62.31241947186326,-0.12697124064456675
